Category,Name,Year_Ceremony,Year_Film,Date_Of_Birth,Film,Race_Ethnicity,Religion,Gender,Sexual_Orientation,Birthplace,Biourl
Best Actor,Emil Jannings,1928,1927,7/23/1884,The Last Command,White,Na,Male,Bisexual,"Rorschach, Switzerland",http://www.nndb.com/people/738/000063549/
Best Actress,Janet Gaynor,1928,1927,10/6/06,7th Heaven,White,Na,Female,Straight,"Philadelphia, Pa",http://www.nndb.com/people/129/000043000/
Best Actor,Warner Baxter,1929,1928,3/29/1889,In Old Arizona,White,Na,Male,Straight,"Columbus, Oh",http://www.nndb.com/people/739/000063550/
Best Actress,Mary Pickford,1929,1928,4/8/1892,Coquette,White,Na,Female,Straight,"Toronto, Ontario, Canada",http://www.nndb.com/people/683/000042557/
Best Director,Frank Lloyd,1929,1928,2/2/1886,The Divine Lady,White,Na,Male,Straight,"Glasgow, Scotland",http://www.nndb.com/people/626/000042500/
Best Actor,George Arliss,1930,1929,4/10/1868,Disraeli,White,Na,Male,Straight,"London, England",https://www.nndb.com/people/740/000063551/
Best Actress,Norma Shearer,1930,1929,8/10/02,The Divorcee,White,Na,Female,Straight,"Montreal, Quebec, Canada",http://www.nndb.com/people/813/000063624/
Best Director,Lewis Milestone,1930,1929,9/30/1895,All Quiet on the Western Front,White,Na,Male,Straight,"Chisinau, Moldova",http://www.nndb.com/people/320/000043191/
Best Actor,Lionel Barrymore,1931,1930,4/28/1878,A Free Soul,White,Roman Catholic,Male,Straight,"Philadelphia, Pa",http://www.nndb.com/people/741/000043612/
Best Actress,Marie Dressler,1931,1930,11/2/1868,Min and Bill,White,Na,Female,Straight,"Cobourg, Ontario, Canada",http://www.nndb.com/people/814/000063625/
Best Director,Norman Taurog,1931,1930,2/23/1899,Skippy,White,Na,Male,Straight,"Chicago, Il",http://www.nndb.com/people/544/000041421/
Best Actor,Wallace Beery,1932,1931,4/1/1885,The Champ,White,Na,Male,Straight,"Kansas City, Mo",http://www.nndb.com/people/976/000043847/
Best Actor,Fredric March,1932,1931,8/31/1897,Dr. Jekyll and Mr. Hyde,White,Na,Male,Straight,"Racine, Wi",https://www.nndb.com/people/255/000043126/
Best Actress,Helen Hayes,1932,1931,10/10/00,The Sin of Madelon Claudet,White,Na,Female,Straight,"Washington, Dc",http://www.nndb.com/people/908/000031815/
Best Director,Frank Borzage,1932,1931,4/23/1894,Bad Girl,White,Roman Catholic,Male,Straight,"Salt Lake City, Ut",http://www.nndb.com/people/292/000044160/
Best Actor,Charles Laughton,1933,1932,7/1/1899,The Private Life of Henry VIII,White,Roman Catholic,Male,Gay,"Victoria Hotel, Scarborough, Yorkshire, England",http://www.nndb.com/people/884/000042758/
Best Actress,Katharine Hepburn,1933,1932,5/12/07,Morning Glory,White,Atheist,Female,Bisexual,"Hartford, Ct",http://www.nndb.com/people/775/000023706/
Best Director,Frank Lloyd,1933,1932,2/2/1886,Cavalcade,White,Na,Male,Straight,"Glasgow, Scotland",http://www.nndb.com/people/626/000042500/
Best Actor,Clark Gable,1935,1934,2/1/01,It Happened One Night,White,Na,Male,Straight,"Cadiz, Oh",http://www.nndb.com/people/156/000027075/
Best Actress,Claudette Colbert,1935,1934,9/13/03,It Happened One Night,White,Na,Female,Straight,"Paris, France",http://www.nndb.com/people/935/000043806/
Best Director,Frank Capra,1935,1934,5/18/1897,It Happened One Night,White,Roman Catholic,Male,Straight,"Bisacquino, Sicily, Italy",http://www.nndb.com/people/459/000032363/
Best Actor,Victor McLaglen,1936,1935,12/11/1883,The Informer,White,Anglican/episcopalian,Male,Straight,"Tunbridge Wells, Kent, England",http://www.nndb.com/people/452/000047311/
Best Actress,Bette Davis,1936,1935,4/5/08,Dangerous,White,Na,Female,Straight,"Lowell, Ma",http://www.nndb.com/people/457/000026379/
Best Director,John Ford,1936,1935,2/1/1894,The Informer,White,Roman Catholic,Male,Bisexual,"Cape Elizabeth, Me",http://www.nndb.com/people/458/000032362/
Best Actor,Paul Muni,1937,1936,9/22/1895,The Story of Louis Pasteur,White,Jewish,Male,Straight,"Lviv, Ukraine",http://www.nndb.com/people/741/000063552/
Best Actress,Luise Rainer,1937,1936,1/12/10,The Great Ziegfeld,White,Jewish,Female,Straight,"Dusseldorf, Germany",http://www.nndb.com/people/796/000030706/
Best Director,Frank Capra,1937,1936,5/18/1897,Mr. Deeds Goes to Town,White,Roman Catholic,Male,Straight,"Bisacquino, Sicily, Italy",http://www.nndb.com/people/459/000032363/
Best Supporting Actor,Walter Brennan,1937,1936,7/25/1894,Come and Get It,White,Na,Male,Straight,"Swampscott, Ma",http://www.nndb.com/people/347/000032251/
Best Supporting Actress,Gale Sondergaard,1937,1936,2/15/1899,Anthony Adverse,White,Na,Female,Straight,"Litchfield, Mn",http://www.nndb.com/people/062/000063870/
Best Actor,Spencer Tracy,1938,1937,4/5/00,Captains Courageous,White,Roman Catholic,Male,Straight,"Milwaukee, Wi",http://www.nndb.com/people/979/000024907/
Best Actress,Luise Rainer,1938,1937,1/12/10,The Good Earth,White,Jewish,Female,Straight,"Dusseldorf, Germany",http://www.nndb.com/people/796/000030706/
Best Director,Leo McCarey,1938,1937,10/3/1898,The Awful Truth,White,Na,Male,Straight,"Los Angeles, Ca",http://www.nndb.com/people/380/000044248/
Best Supporting Actor,Joseph Schildkraut,1938,1937,3/22/1896,The Life of Emile Zola,White,Na,Male,Straight,"Vienna, Austria",http://www.nndb.com/people/115/000063923/
Best Supporting Actress,Alice Brady,1938,1937,11/2/1892,In Old Chicago,White,Na,Female,Straight,New York City,http://www.nndb.com/people/079/000063887/
Best Actor,Spencer Tracy,1939,1938,4/5/00,Boys Town,White,Roman Catholic,Male,Straight,"Milwaukee, Wi",http://www.nndb.com/people/979/000024907/
Best Actress,Bette Davis,1939,1938,4/5/08,Jezebel,White,Na,Female,Straight,"Lowell, Ma",http://www.nndb.com/people/457/000026379/
Best Director,Frank Capra,1939,1938,5/18/1897,You Can't Take It with You,White,Roman Catholic,Male,Straight,"Bisacquino, Sicily, Italy",http://www.nndb.com/people/459/000032363/
Best Supporting Actor,Walter Brennan,1939,1938,7/25/1894,Kentucky,White,Na,Male,Straight,"Swampscott, Ma",http://www.nndb.com/people/347/000032251/
Best Supporting Actress,Fay Bainter,1939,1938,12/7/1891,Jezebel,White,Na,Female,Straight,"Los Angeles, Ca",http://www.nndb.com/people/074/000063882/
Best Actor,Robert Donat,1940,1939,3/18/05,"Goodbye, Mr. Chips",White,Na,Male,Straight,"Withington, Manchester, England",https://www.nndb.com/people/742/000063553/
Best Actress,Vivien Leigh,1940,1939,11/5/13,Gone with the Wind,White,Roman Catholic,Female,Straight,"Darjeeling, India",http://www.nndb.com/people/470/000022404/
Best Director,Victor Fleming,1940,1939,2/23/1883,Gone with the Wind,White,Na,Male,Straight,"Pasadena, Ca",http://www.nndb.com/people/416/000041293/
Best Supporting Actor,Thomas Mitchell,1940,1939,7/11/1892,Stagecoach,White,Na,Male,Straight,"Elizabeth, Nj",http://www.nndb.com/people/116/000063924/
Best Supporting Actress,Hattie McDaniel,1940,1939,6/10/1893,Gone with the Wind,Black,Christian,Female,Matter of Dispute,"Wichita, Ks",http://www.nndb.com/people/077/000063885/
Best Actor,James Stewart,1941,1940,5/20/08,The Philadelphia Story,White,Presbyterian,Male,Straight,"Indiana, Pa",https://www.nndb.com/people/659/000026581/
Best Actress,Ginger Rogers,1941,1940,7/16/11,Kitty Foyle,White,Christian Science,Female,Straight,"Independence, Mo",http://www.nndb.com/people/635/000043506/
Best Actress,Ginger Rogers,1941,1940,7/16/11,Kitty Foyle,White,Christian Science,Female,Straight,"Independence, Mo",http://www.nndb.com/people/635/000043506/
Best Director,John Ford,1941,1940,2/1/1894,The Grapes of Wrath,White,Roman Catholic,Male,Bisexual,"Cape Elizabeth, Me",http://www.nndb.com/people/458/000032362/
Best Supporting Actor,Walter Brennan,1941,1940,7/25/1894,The Westerner,White,Na,Male,Straight,"Swampscott, Ma",http://www.nndb.com/people/347/000032251/
Best Supporting Actress,Jane Darwell,1941,1940,10/15/1879,The Grapes of Wrath,White,Na,Female,Straight,"Palmyra, Mo",http://www.nndb.com/people/078/000063886/
Best Actor,Gary Cooper,1942,1941,5/7/01,Sergeant York,White,Roman Catholic,Male,Straight,"Helena, Mt",http://www.nndb.com/people/740/000031647/
Best Actress,Joan Fontaine,1942,1941,10/22/17,Suspicion,White,Na,Female,Straight,"Tokyo, Japan",http://www.nndb.com/people/487/000026409/
Best Director,John Ford,1942,1941,2/1/1894,How Green Was My Valley,White,Roman Catholic,Male,Bisexual,"Cape Elizabeth, Me",http://www.nndb.com/people/458/000032362/
Best Supporting Actor,Donald Crisp,1942,1941,7/27/1880,How Green Was My Valley,White,Na,Male,Straight,"London, England",http://www.nndb.com/people/689/000031596/
Best Supporting Actress,Mary Astor,1942,1941,5/3/06,The Great Lie,White,Roman Catholic,Female,Straight,"Quincy, Il",http://www.nndb.com/people/690/000042564/
Best Supporting Actress,Mary Astor,1942,1941,5/3/06,The Great Lie,White,Roman Catholic,Female,Straight,"Quincy, Il",http://www.nndb.com/people/690/000042564/
Best Actor,James Cagney,1943,1942,7/17/1899,Yankee Doodle Dandy,White,Roman Catholic,Male,Straight,"Manhattan, Ny",http://www.nndb.com/people/798/000024726/
Best Actress,Greer Garson,1943,1942,9/29/04,Mrs. Miniver,White,Na,Female,Straight,"London, England",http://www.nndb.com/people/293/000044161/
Best Director,William Wyler,1943,1942,7/1/02,Mrs. Miniver,White,Na,Male,Straight,"Mulhouse, Haut-Rhin, Alsace, France",http://www.nndb.com/people/463/000032367/
Best Supporting Actor,Van Heflin,1943,1942,12/13/10,Johnny Eager,White,Na,Male,Straight,"Walters, Ok",http://www.nndb.com/people/680/000042554/
Best Supporting Actor,Van Heflin,1943,1942,12/13/10,Johnny Eager,White,Na,Male,Straight,"Walters, Ok",http://www.nndb.com/people/680/000042554/
Best Supporting Actress,Teresa Wright,1943,1942,10/27/18,Mrs. Miniver,White,Na,Female,Straight,New York City,http://www.nndb.com/people/580/000045445/
Best Actor,Paul Lukas,1944,1943,5/26/1887,Watch on the Rhine,White,Na,Male,Straight,"Budapest, Hungary",http://www.nndb.com/people/713/000042587/
Best Actress,Jennifer Jones,1944,1943,3/2/19,The Song of Bernadette,White,Roman Catholic,Female,Straight,"Tulsa, Ok",http://www.nndb.com/people/809/000063620/
Best Director,Michael Curtiz,1944,1943,12/24/1886,Casablanca,White,Na,Male,Straight,"Budapest, Hungary",http://www.nndb.com/people/676/000032580/
Best Supporting Actor,Charles Coburn,1944,1943,6/17/1877,The More the Merrier,White,Na,Male,Straight,"Savannah, Ga",http://www.nndb.com/people/127/000063935/
Best Supporting Actress,Katina Paxinou,1944,1943,12/17/00,For Whom the Bell Tolls,White,Na,Female,Straight,"Athens, Greece",http://www.nndb.com/people/080/000063888/
Best Actor,Bing Crosby,1945,1944,5/3/03,Going My Way,White,Roman Catholic,Male,Straight,"Tacoma, Wa",http://www.nndb.com/people/651/000026573/
Best Actress,Ingrid Bergman,1945,1944,8/29/15,Gaslight,White,Na,Female,Straight,"Stockholm, Sweden",http://www.nndb.com/people/836/000024764/
Best Director,Leo McCarey,1945,1944,10/3/1898,Going My Way,White,Na,Male,Straight,"Los Angeles, Ca",http://www.nndb.com/people/380/000044248/
Best Supporting Actor,Barry Fitzgerald,1945,1944,3/10/1888,Going My Way,White,Protestant,Male,Na,"Dublin, Ireland",http://www.nndb.com/people/126/000063934/
Best Supporting Actress,Ethel Barrymore,1945,1944,8/15/1879,None but the Lonely Heart,White,Roman Catholic,Female,Straight,"Philadelphia, Pa",http://www.nndb.com/people/743/000043614/
Best Actor,Ray Milland,1946,1945,1/3/07,The Lost Weekend,White,Na,Male,Straight,"Neath, Wales",http://www.nndb.com/people/814/000042688/
Best Actress,Joan Crawford,1946,1945,3/23/05,Mildred Pierce,White,Christian Science,Female,Bisexual,"San Antonio, Tx",http://www.nndb.com/people/837/000031744/
Best Director,Billy Wilder,1946,1945,6/22/06,The Lost Weekend,White,Jewish,Male,Straight,"Sucha, Galicia, Austria",http://www.nndb.com/people/982/000024910/
Best Supporting Actor,James Dunn,1946,1945,11/2/01,A Tree Grows in Brooklyn,White,Na,Male,Straight,New York City,http://www.nndb.com/people/125/000063933/
Best Supporting Actress,Anne Revere,1946,1945,6/25/03,National Velvet,White,Na,Female,Straight,New York City,http://www.nndb.com/people/081/000063889/
Best Supporting Actress,Anne Revere,1946,1945,6/25/03,National Velvet,White,Na,Female,Straight,New York City,http://www.nndb.com/people/081/000063889/
Best Actor,Fredric March,1947,1946,8/31/1897,The Best Years of Our Lives,White,Na,Male,Straight,"Racine, Wi",http://www.nndb.com/people/255/000043126/
Best Actress,Olivia de Havilland,1947,1946,7/1/16,To Each His Own,White,Na,Female,Straight,"Tokyo, Japan",http://www.nndb.com/people/741/000022675/
Best Director,William Wyler,1947,1946,7/1/02,The Best Years of Our Lives,White,Na,Male,Straight,"Mulhouse, Haut-Rhin, Alsace, France",http://www.nndb.com/people/463/000032367/
Best Supporting Actor,Harold Russell,1947,1946,1/14/14,The Best Years of Our Lives,White,Na,Male,Straight,"North Sydney, Nova Scotia, Canada",http://www.nndb.com/people/124/000063932/
Best Supporting Actress,Anne Baxter,1947,1946,5/7/23,The Razor's Edge,White,Na,Female,Straight,"Michigan City, In",http://www.nndb.com/people/458/000026380/
Best Actor,Ronald Colman,1948,1947,2/9/1891,A Double Life,White,Na,Male,Straight,"Richmond, Surrey, England",http://www.nndb.com/people/619/000042493/
Best Actress,Loretta Young,1948,1947,1/6/13,The Farmer's Daughter,White,Roman Catholic,Female,Straight,"Salt Lake City, Ut",http://www.nndb.com/people/089/000031993/
Best Director,Elia Kazan,1948,1947,9/7/09,Gentleman's Agreement,White,Na,Male,Straight,"Istanbul, Turkey",http://www.nndb.com/people/537/000026459/
Best Supporting Actor,Edmund Gwenn,1948,1947,9/26/1875,Miracle on 34th Street,White,Na,Male,Na,"Vale of Glamorgan, Wales",http://www.nndb.com/people/123/000063931/
Best Supporting Actress,Celeste Holm,1948,1947,4/29/17,Gentleman's Agreement,White,Na,Female,Straight,New York City,http://www.nndb.com/people/084/000063892/
Best Actor,Laurence Olivier,1949,1948,5/22/07,Hamlet,White,Na,Male,Bisexual,"Dorking, Surrey, England",http://www.nndb.com/people/607/000022541/
Best Actress,Jane Wyman,1949,1948,1/5/17,Johnny Belinda,White,Roman Catholic,Female,Straight,"St. Joseph, Mo",http://www.nndb.com/people/656/000022590/
Best Director,John Huston,1949,1948,8/5/06,The Treasure of the Sierra Madre,White,Na,Male,Straight,"Nevada, Mo",http://www.nndb.com/people/704/000024632/
Best Director,John Huston,1949,1948,8/5/06,The Treasure of the Sierra Madre,White,Na,Male,Straight,"Nevada, Mo",http://www.nndb.com/people/704/000024632/
Best Supporting Actor,Walter Huston,1949,1948,4/6/1884,The Treasure of the Sierra Madre,White,Na,Male,Straight,"Toronto, Ontario, Canada",http://www.nndb.com/people/122/000063930/
Best Supporting Actress,Claire Trevor,1949,1948,3/8/10,Key Largo,White,Na,Female,Straight,New York City,http://www.nndb.com/people/085/000063893/
Best Actor,Broderick Crawford,1950,1949,12/9/11,All the King's Men,White,Na,Male,Straight,"Philadelphia, Pa",https://www.nndb.com/people/744/000063555/
Best Actress,Olivia de Havilland,1950,1949,7/1/16,The Heiress,White,Na,Female,Straight,"Tokyo, Japan",http://www.nndb.com/people/741/000022675/
Best Director,Joseph L. Mankiewicz,1950,1949,2/11/09,A Letter to Three Wives,White,Jewish,Male,Straight,"Wilkes-Barre, Pa",http://www.nndb.com/people/723/000032627/
Best Supporting Actor,Dean Jagger,1950,1949,11/7/03,Twelve O'Clock High,White,Na,Male,Straight,"Lima, Oh",http://www.nndb.com/people/121/000063929/
Best Supporting Actress,Mercedes McCambridge,1950,1949,3/17/16,All the King's Men,White,Roman Catholic,Female,Straight,"Joliet, Il",http://www.nndb.com/people/086/000063894/
Best Actor,José Ferrer,1951,1950,1/8/09,Cyrano de Bergerac,Hispanic,Na,Male,Straight,"Santurce, Puerto Rico",https://www.nndb.com/people/311/000026233/
Best Actress,Judy Holliday,1951,1950,6/21/21,Born Yesterday,White,Na,Female,Straight,New York City,http://www.nndb.com/people/808/000063619/
Best Director,Joseph L. Mankiewicz,1951,1950,2/11/09,All about Eve,White,Jewish,Male,Straight,"Wilkes-Barre, Pa",https://www.nndb.com/people/723/000032627/
Best Supporting Actor,George Sanders,1951,1950,7/3/06,All about Eve,White,Na,Male,Straight,"St. Petersburg, Russia",https://www.nndb.com/people/728/000043599/
Best Supporting Actress,Josephine Hull,1951,1950,1/3/1886,Harvey,White,Na,Female,Straight,"Newtonville, Ma",http://www.nndb.com/people/087/000063895/
Best Actor,Humphrey Bogart,1952,1951,12/25/1899,The African Queen,White,Na,Male,Straight,New York City,https://www.nndb.com/people/837/000024765/
Best Actress,Vivien Leigh,1952,1951,11/5/13,A Streetcar Named Desire,White,Roman Catholic,Female,Straight,"Darjeeling, India",http://www.nndb.com/people/470/000022404/
Best Director,George Stevens,1952,1951,12/18/04,A Place in the Sun,White,Na,Male,Straight,"Oakland, Ca",http://www.nndb.com/people/382/000044250/
Best Supporting Actor,Karl Malden,1952,1951,3/22/12,A Streetcar Named Desire,White,Na,Male,Straight,"Chicago, Il",http://www.nndb.com/people/553/000022487/
Best Supporting Actress,Kim Hunter,1952,1951,11/12/22,A Streetcar Named Desire,White,Na,Female,Straight,"Detroit, Mi",http://www.nndb.com/people/501/000051348/
Best Actor,Gary Cooper,1953,1952,5/7/01,High Noon,White,Roman Catholic,Male,Straight,"Helena, Mt",http://www.nndb.com/people/740/000031647/
Best Actor,Gary Cooper,1953,1952,5/7/01,High Noon,White,Roman Catholic,Male,Straight,"Helena, Mt",http://www.nndb.com/people/740/000031647/
Best Actress,Shirley Booth,1953,1952,8/30/1898,"Come Back, Little Sheba",White,Na,Female,Straight,New York City,http://www.nndb.com/people/807/000063618/
Best Director,John Ford,1953,1952,2/1/1894,The Quiet Man,White,Roman Catholic,Male,Bisexual,"Cape Elizabeth, Me",http://www.nndb.com/people/458/000032362/
Best Supporting Actor,Anthony Quinn,1953,1952,4/21/15,Viva Zapata!,Hispanic,Na,Male,Straight,"Chihuahua, Mexico",http://www.nndb.com/people/228/000032132/
Best Supporting Actress,Gloria Grahame,1953,1952,11/28/23,The Bad and the Beautiful,White,Na,Female,Straight,"Los Angeles, Ca",http://www.nndb.com/people/088/000063896/
Best Actor,William Holden,1954,1953,4/17/18,Stalag 17,White,Na,Male,Straight,"O'fallon, Il",http://www.nndb.com/people/210/000022144/
Best Actress,Audrey Hepburn,1954,1953,5/4/29,Roman Holiday,White,Christian Science,Female,Straight,"Brussels, Belgium",http://www.nndb.com/people/933/000026855/
Best Director,Fred Zinnemann,1954,1953,4/29/07,From Here to Eternity,White,Jewish,Male,Straight,"Vienna, Austria",http://www.nndb.com/people/538/000032442/
Best Supporting Actor,Frank Sinatra,1954,1953,12/12/15,From Here to Eternity,White,Na,Male,Straight,"Hoboken, Nj",http://www.nndb.com/people/300/000026222/
Best Supporting Actress,Donna Reed,1954,1953,1/27/21,From Here to Eternity,White,Na,Female,Straight,"Denison, Ia",http://www.nndb.com/people/702/000031609/
Best Actor,Marlon Brando,1955,1954,4/3/24,On the Waterfront,White,Deist,Male,Bisexual,"Omaha, Ne",http://www.nndb.com/people/721/000022655/
Best Actress,Grace Kelly,1955,1954,11/12/29,The Country Girl,White,Roman Catholic,Female,Straight,"Philadelphia, Pa",http://www.nndb.com/people/770/000025695/
Best Director,Elia Kazan,1955,1954,9/7/09,On the Waterfront,White,Na,Male,Straight,"Istanbul, Turkey",http://www.nndb.com/people/537/000026459/
Best Supporting Actor,Edmond O'Brien,1955,1954,9/10/15,The Barefoot Contessa,White,Roman Catholic,Male,Straight,New York City,http://www.nndb.com/people/620/000042494/
Best Supporting Actress,Eva Marie Saint,1955,1954,7/4/24,On the Waterfront,White,Na,Female,Straight,"Newark, Nj",http://www.nndb.com/people/980/000022914/
Best Actor,Ernest Borgnine,1956,1955,1/24/17,Marty,White,Na,Male,Straight,"Hamden, Ct",http://www.nndb.com/people/730/000022664/
Best Actress,Anna Magnani,1956,1955,3/7/08,The Rose Tattoo,White,Na,Female,Straight,"Rome, Italy",http://www.nndb.com/people/806/000063617/
Best Director,Delbert Mann,1956,1955,1/30/20,Marty,White,Presbyterian,Male,Straight,"Lawrence, Ks",http://www.nndb.com/people/384/000044252/
Best Supporting Actor,Jack Lemmon,1956,1955,2/8/25,Mister Roberts,White,Roman Catholic,Male,Straight,"Newton, Ma",http://www.nndb.com/people/714/000026636/
Best Supporting Actress,Jo Van Fleet,1956,1955,12/30/14,East of Eden,White,Na,Female,Straight,"Oakland, Ca",http://www.nndb.com/people/089/000063897/
Best Actor,Yul Brynner,1957,1956,7/11/20,The King and I,White,Na,Male,Straight,"Vladivostok, Russia",http://www.nndb.com/people/459/000026381/
Best Actress,Ingrid Bergman,1957,1956,8/29/15,Anastasia,White,Na,Female,Straight,"Stockholm, Sweden",http://www.nndb.com/people/836/000024764/
Best Director,George Stevens,1957,1956,12/18/04,Giant,White,Na,Male,Straight,"Oakland, Ca",http://www.nndb.com/people/382/000044250/
Best Supporting Actor,Anthony Quinn,1957,1956,4/21/15,Lust for Life,Hispanic,Na,Male,Straight,"Chihuahua, Mexico",http://www.nndb.com/people/228/000032132/
Best Supporting Actress,Dorothy Malone,1957,1956,1/30/25,Written on the Wind,White,Na,Female,Straight,"Chicago, Il",http://www.nndb.com/people/090/000063898/
Best Actor,Alec Guinness,1958,1957,4/2/14,The Bridge on the River Kwai,White,Roman Catholic,Male,Bisexual,"London, England",http://www.nndb.com/people/751/000023682/
Best Actress,Joanne Woodward,1958,1957,2/27/30,The Three Faces of Eve,White,Na,Female,Straight,"Thomasville, Ga",http://www.nndb.com/people/747/000043618/
Best Actress,Joanne Woodward,1958,1957,2/27/30,The Three Faces of Eve,White,Na,Female,Straight,"Thomasville, Ga",http://www.nndb.com/people/747/000043618/
Best Director,David Lean,1958,1957,3/25/08,The Bridge on the River Kwai,White,Na,Male,Straight,"Croydon, Surrey, England",http://www.nndb.com/people/462/000032366/
Best Supporting Actor,Red Buttons,1958,1957,2/5/19,Sayonara,White,Jewish,Male,Straight,New York City,http://www.nndb.com/people/820/000022754/
Best Supporting Actress,Miyoshi Umeki,1958,1957,4/3/29,Sayonara,Asian,Na,Female,Straight,"Otaro, Hokkaido, Japan",http://www.nndb.com/people/091/000063899/
Best Actor,David Niven,1959,1958,3/1/09,Separate Tables,White,Na,Male,Straight,"London, England",http://www.nndb.com/people/690/000031597/
Best Actress,Susan Hayward,1959,1958,6/30/18,I Want to Live!,White,Roman Catholic,Female,Straight,"Brooklyn, Ny",https://www.nndb.com/people/805/000063616/
Best Director,Vincente Minnelli,1959,1958,2/28/03,Gigi,White,Na,Male,Bisexual,"Chicago, Il",http://www.nndb.com/people/825/000032729/
Best Supporting Actor,Burl Ives,1959,1958,6/14/09,The Big Country,White,Na,Male,Straight,"Hunt City, Il",http://www.nndb.com/people/679/000042553/
Best Supporting Actress,Wendy Hiller,1959,1958,8/15/12,Separate Tables,White,Na,Female,Straight,"Bramhall, Cheshire, England",http://www.nndb.com/people/056/000063864/
Best Actor,Charlton Heston,1960,1959,10/4/23,Ben-Hur,White,Protestant,Male,Straight,"Evanston, Il",https://www.nndb.com/people/961/000022895/
Best Actress,Simone Signoret,1960,1959,3/25/21,Room at the Top,White,Na,Female,Straight,"Wiesbaden, Germany",http://www.nndb.com/people/804/000063615/
Best Director,William Wyler,1960,1959,7/1/02,Ben-Hur,White,Na,Male,Straight,"Mulhouse, Haut-Rhin, Alsace, France",http://www.nndb.com/people/463/000032367/
Best Supporting Actor,Hugh Griffith,1960,1959,5/30/12,Ben-Hur,White,Na,Male,Na,"Marian Glas, Anglesey, Wales",http://www.nndb.com/people/120/000063928/
Best Supporting Actress,Shelley Winters,1960,1959,8/18/20,The Diary of Anne Frank,White,Jewish,Female,Straight,"St. Louis, Mo",http://www.nndb.com/people/859/000022793/
Best Actor,Burt Lancaster,1961,1960,11/2/13,Elmer Gantry,White,Protestant,Male,Straight,New York City,http://www.nndb.com/people/938/000031845/
Best Actress,Elizabeth Taylor,1961,1960,2/27/32,Butterfield 8,White,Jewish,Female,Straight,"London, England",http://www.nndb.com/people/624/000023555/
Best Director,Billy Wilder,1961,1960,6/22/06,The Apartment,White,Jewish,Male,Straight,"Sucha, Galicia, Austria",http://www.nndb.com/people/982/000024910/
Best Director,Billy Wilder,1961,1960,6/22/06,The Apartment,White,Jewish,Male,Straight,"Sucha, Galicia, Austria",http://www.nndb.com/people/982/000024910/
Best Supporting Actor,Peter Ustinov,1961,1960,4/16/21,Spartacus,White,Na,Male,Straight,"London, England",http://www.nndb.com/people/810/000022744/
Best Supporting Actress,Shirley Jones,1961,1960,3/31/34,Elmer Gantry,White,Methodist,Female,Straight,"Charleroi, Pa",http://www.nndb.com/people/795/000023726/
Best Actor,Maximilian Schell,1962,1961,12/8/30,Judgment at Nuremberg,White,Na,Male,Straight,"Vienna, Austria",https://www.nndb.com/people/351/000023282/
Best Actress,Sophia Loren,1962,1961,9/20/34,Two Women,White,Roman Catholic,Female,Straight,"Pozzuoli, Italy",http://www.nndb.com/people/811/000023742/
Best Director,Robert Wise,1962,1961,9/10/14,West Side Story,White,Na,Male,Straight,"Winchester, In",https://www.nndb.com/people/460/000032364/
Best Director,Jerome Robbins,1962,1961,10/11/18,West Side Story,White,Jewish,Male,Gay,New York City,https://www.nndb.com/people/281/000064089/
Best Supporting Actor,George Chakiris,1962,1961,9/16/34,West Side Story,White,Na,Male,Gay,"Norwood, Oh",http://www.nndb.com/people/119/000063927/
Best Supporting Actress,Rita Moreno,1962,1961,12/11/31,West Side Story,Hispanic,Na,Female,Straight,"Humacao, Puerto Rico",http://www.nndb.com/people/463/000023394/
Best Actor,Gregory Peck,1963,1962,4/5/16,To Kill a Mockingbird,White,Roman Catholic,Male,Straight,"La Jolla, Ca",http://www.nndb.com/people/774/000023705/
Best Actress,Anne Bancroft,1963,1962,9/17/31,The Miracle Worker,White,Roman Catholic,Female,Straight,"Bronx, Ny",http://www.nndb.com/people/439/000023370/
Best Director,David Lean,1963,1962,3/25/08,Lawrence of Arabia,White,Na,Male,Straight,"Croydon, Surrey, England",http://www.nndb.com/people/462/000032366/
Best Supporting Actor,Ed Begley,1963,1962,3/25/01,Sweet Bird of Youth,White,Na,Male,Straight,"Hartford, Ct",https://www.nndb.com/people/915/000043786/
Best Supporting Actress,Patty Duke,1963,1962,12/14/46,The Miracle Worker,White,Roman Catholic,Female,Straight,"Elmhurst, Ny",http://www.nndb.com/people/775/000022709/
Best Actor,Sidney Poitier,1964,1963,2/20/27,Lilies of the Field,Black,Deist,Male,Straight,"Miami, Fl",http://www.nndb.com/people/200/000023131/
Best Actress,Patricia Neal,1964,1963,1/20/26,Hud,White,Roman Catholic,Female,Straight,"Packard, Ky",http://www.nndb.com/people/226/000042100/
Best Director,Tony Richardson,1964,1963,6/5/28,Tom Jones,White,Na,Male,Bisexual,"Shipley, Yorkshire, England",http://www.nndb.com/people/249/000043120/
Best Supporting Actor,Melvyn Douglas,1964,1963,4/5/01,Hud,White,Jewish,Male,Straight,"Macon, Ga",http://www.nndb.com/people/100/000063908/
Best Supporting Actress,Margaret Rutherford,1964,1963,5/11/1892,The V.I.P.s,White,Na,Female,Straight,"London, England",https://www.nndb.com/people/052/000063860/
Best Actor,Rex Harrison,1965,1964,3/5/08,My Fair Lady,White,Na,Male,Straight,"Huyton, Lancashire, England",http://www.nndb.com/people/132/000043003/
Best Actress,Julie Andrews,1965,1964,10/1/35,Mary Poppins,White,Na,Female,Straight,"Walton-on-Thames, Surrey, England",http://www.nndb.com/people/874/000023805/
Best Director,George Cukor,1965,1964,7/7/1899,My Fair Lady,White,Na,Male,Gay,New York City,http://www.nndb.com/people/373/000041250/
Best Supporting Actor,Peter Ustinov,1965,1964,4/16/21,Topkapi,White,Na,Male,Straight,"London, England",http://www.nndb.com/people/810/000022744/
Best Supporting Actress,Lila Kedrova,1965,1964,10/9/18,Zorba the Greek,White,Na,Female,Straight,"St. Petersburg, Russia",http://www.nndb.com/people/049/000063857/
Best Actor,Lee Marvin,1966,1965,2/19/24,Cat Ballou,White,Na,Male,Straight,New York City,http://www.nndb.com/people/314/000026236/
Best Actress,Julie Christie,1966,1965,4/14/41,Darling,White,Na,Female,Straight,"Chabua, Assam, India",http://www.nndb.com/people/801/000063612/
Best Director,Robert Wise,1966,1965,9/10/14,The Sound of Music,White,Na,Male,Straight,"Winchester, In",http://www.nndb.com/people/460/000032364/
Best Supporting Actor,Martin Balsam,1966,1965,11/4/19,A Thousand Clowns,White,Na,Male,Straight,"Bronx, Ny",http://www.nndb.com/people/111/000063919/
Best Supporting Actress,Shelley Winters,1966,1965,8/18/20,A Patch of Blue,White,Jewish,Female,Straight,"St. Louis, Mo",http://www.nndb.com/people/859/000022793/
Best Actor,Paul Scofield,1967,1966,1/21/22,A Man for All Seasons,White,Na,Male,Straight,"Hurstpierpoint, West Sussex, England",https://www.nndb.com/people/950/000033851/
Best Actress,Elizabeth Taylor,1967,1966,2/27/32,Who's Afraid of Virginia Woolf?,White,Jewish,Female,Straight,"London, England",http://www.nndb.com/people/624/000023555/
Best Actress,Elizabeth Taylor,1967,1966,2/27/32,Who's Afraid of Virginia Woolf?,White,Jewish,Female,Straight,"London, England",http://www.nndb.com/people/624/000023555/
Best Director,Fred Zinnemann,1967,1966,4/29/07,A Man for All Seasons,White,Jewish,Male,Straight,"Vienna, Austria",http://www.nndb.com/people/538/000032442/
Best Supporting Actor,Walter Matthau,1967,1966,10/1/20,The Fortune Cookie,White,Jewish,Male,Straight,New York City,http://www.nndb.com/people/768/000023699/
Best Supporting Actress,Sandy Dennis,1967,1966,4/27/37,Who's Afraid of Virginia Woolf?,White,Na,Female,Bisexual,"Hastings, Ne",http://www.nndb.com/people/961/000063772/
Best Actor,Rod Steiger,1968,1967,4/14/25,In the Heat of the Night,White,Lutheran,Male,Straight,"Westhampton, Ny",http://www.nndb.com/people/762/000026684/
Best Actress,Katharine Hepburn,1968,1967,5/12/07,Guess Who's Coming to Dinner,White,Atheist,Female,Bisexual,"Hartford, Ct",http://www.nndb.com/people/775/000023706/
Best Director,Mike Nichols,1968,1967,11/6/31,The Graduate,White,Jewish,Male,Straight,"Berlin, Germany",http://www.nndb.com/people/455/000023386/
Best Supporting Actor,George Kennedy,1968,1967,2/18/25,Cool Hand Luke,White,Na,Male,Straight,New York City,http://www.nndb.com/people/001/000022932/
Best Supporting Actress,Estelle Parsons,1968,1967,11/20/27,Bonnie and Clyde,White,Na,Female,Straight,"Marblehead, Ma",http://www.nndb.com/people/475/000032379/
Best Actor,Cliff Robertson,1969,1968,9/9/23,Charly,White,Na,Male,Straight,"La Jolla, Ca",http://www.nndb.com/people/134/000023065/
Best Actress,Barbra Streisand,1969,1968,4/24/42,Funny Girl,White,Jewish,Female,Straight,"Brooklyn, Ny",http://www.nndb.com/people/526/000022460/
Best Actress,Katharine Hepburn,1969,1968,5/12/07,The Lion in Winter,White,Atheist,Female,Bisexual,"Hartford, Ct",http://www.nndb.com/people/775/000023706/
Best Director,Carol Reed,1969,1968,12/30/06,Oliver!,White,Na,Male,Straight,"London, England",http://www.nndb.com/people/290/000064098/
Best Supporting Actor,Jack Albertson,1969,1968,6/16/07,The Subject Was Roses,White,Na,Male,Na,"Malden, Ma",http://www.nndb.com/people/559/000049412/
Best Supporting Actor,Jack Albertson,1969,1968,6/16/07,The Subject Was Roses,White,Na,Male,Na,"Malden, Ma",http://www.nndb.com/people/559/000049412/
Best Supporting Actress,Ruth Gordon,1969,1968,10/30/1896,Rosemary's Baby,White,Na,Female,Straight,"Quincy, Ma",http://www.nndb.com/people/818/000043689/
Best Actor,John Wayne,1970,1969,5/26/07,True Grit,White,Roman Catholic,Male,Straight,"Winterset, Ia",http://www.nndb.com/people/605/000023536/
Best Actress,Maggie Smith,1970,1969,12/28/34,The Prime of Miss Jean Brodie,White,Na,Female,Straight,"Ilford, Essex, England",http://www.nndb.com/people/260/000030170/
Best Actress,Maggie Smith,1970,1969,12/28/34,The Prime of Miss Jean Brodie,White,Na,Female,Straight,"Ilford, Essex, England",http://www.nndb.com/people/260/000030170/
Best Director,John Schlesinger,1970,1969,2/16/26,Midnight Cowboy,White,Na,Male,Gay,"London, England",http://www.nndb.com/people/771/000032675/
Best Supporting Actor,Gig Young,1970,1969,11/4/13,"They Shoot Horses, Don't They?",White,Na,Male,Straight,"St. Cloud, Mn",http://www.nndb.com/people/110/000063918/
Best Supporting Actress,Goldie Hawn,1970,1969,11/21/45,Cactus Flower,White,Buddhist,Female,Straight,"Silver Spring, Md",http://www.nndb.com/people/996/000022930/
Best Actor,George C. Scott,1971,1970,10/18/27,Patton,White,Na,Male,Straight,"Wise, Va",http://www.nndb.com/people/025/000022956/
Best Actress,Glenda Jackson,1971,1970,5/9/36,Women in Love,White,Na,Female,Straight,"Birkenhead, Cheshire, England",http://www.nndb.com/people/799/000063610/
Best Director,Franklin J. Schaffner,1971,1970,5/30/20,Patton,White,Na,Male,Straight,"Tokyo, Japan",http://www.nndb.com/people/509/000032413/
Best Supporting Actor,John Mills,1971,1970,2/22/08,Ryan's Daughter,White,Na,Male,Straight,"Felixstowe, Suffolk, England",http://www.nndb.com/people/701/000030611/
Best Supporting Actress,Helen Hayes,1971,1970,10/10/00,Airport,White,Na,Female,Straight,"Washington, Dc",http://www.nndb.com/people/908/000031815/
Best Actor,Gene Hackman,1972,1971,1/30/30,The French Connection,White,Na,Male,Straight,"San Bernardino, Ca",http://www.nndb.com/people/878/000022812/
Best Actress,Jane Fonda,1972,1971,12/21/37,Klute,White,Born-Again Christian,Female,Straight,New York City,http://www.nndb.com/people/637/000022571/
Best Director,William Friedkin,1972,1971,8/29/35,The French Connection,White,Jewish,Male,Straight,"Chicago, Il",http://www.nndb.com/people/112/000024040/
Best Supporting Actor,Ben Johnson,1972,1971,6/13/18,The Last Picture Show,White,Na,Male,Straight,"Shidler, Ok",http://www.nndb.com/people/425/000064233/
Best Supporting Actress,Cloris Leachman,1972,1971,4/30/26,The Last Picture Show,White,Na,Female,Straight,"Des Moines, Ia",http://www.nndb.com/people/177/000023108/
Best Actor,Marlon Brando,1973,1972,4/3/24,The Godfather,White,Deist,Male,Bisexual,"Omaha, Ne",http://www.nndb.com/people/721/000022655/
Best Actress,Liza Minnelli,1973,1972,3/12/46,Cabaret,White,Na,Female,Na,"Los Angeles, Ca",http://www.nndb.com/people/724/000024652/
Best Director,Bob Fosse,1973,1972,6/23/27,Cabaret,White,Na,Male,Straight,"Chicago, Il",http://www.nndb.com/people/159/000032063/
Best Supporting Actor,Joel Grey,1973,1972,4/11/32,Cabaret,White,Jewish,Male,Gay,"Cleveland, Oh",http://www.nndb.com/people/853/000048709/
Best Supporting Actress,Eileen Heckart,1973,1972,3/29/19,Butterflies Are Free,White,Na,Female,Straight,"Columbus, Oh",http://www.nndb.com/people/828/000063639/
Best Actor,Jack Lemmon,1974,1973,2/8/25,Save the Tiger,White,Roman Catholic,Male,Straight,"Newton, Ma",http://www.nndb.com/people/714/000026636/
Best Actress,Glenda Jackson,1974,1973,5/9/36,A Touch of Class,White,Na,Female,Straight,"Birkenhead, Cheshire, England",http://www.nndb.com/people/799/000063610/
Best Director,George Roy Hill,1974,1973,12/20/21,The Sting,White,Na,Male,Straight,"Minneapolis, Mn",http://www.nndb.com/people/783/000032687/
Best Supporting Actor,John Houseman,1974,1973,9/22/02,The Paper Chase,White,Na,Male,Straight,"Bucharest, Romania",http://www.nndb.com/people/686/000042560/
Best Supporting Actress,Tatum O'Neal,1974,1973,11/5/63,Paper Moon,White,Na,Female,Straight,"Los Angeles, Ca",http://www.nndb.com/people/104/000024032/
Best Actor,Art Carney,1975,1974,11/4/18,Harry and Tonto,White,Na,Male,Straight,"Mount Vernon, Ny",http://www.nndb.com/people/182/000025107/
Best Actress,Ellen Burstyn,1975,1974,12/7/32,Alice Doesn't Live Here Anymore,White,Sufism,Female,Straight,"Detroit, Mi",http://www.nndb.com/people/650/000023581/
Best Director,Francis Ford Coppola,1975,1974,4/7/39,The Godfather Part II,White,Na,Male,Straight,"Detroit, Mi",http://www.nndb.com/people/866/000022800/
Best Supporting Actor,Robert De Niro,1975,1974,8/17/43,The Godfather Part II,White,Roman Catholic,Male,Straight,New York City,http://www.nndb.com/people/765/000023696/
Best Supporting Actress,Ingrid Bergman,1975,1974,8/29/15,Murder on the Orient Express,White,Na,Female,Straight,"Stockholm, Sweden",http://www.nndb.com/people/836/000024764/
Best Actor,Jack Nicholson,1976,1975,4/22/37,One Flew over the Cuckoo's Nest,White,Atheist,Male,Straight,New York City,https://www.nndb.com/people/722/000022656/
Best Actress,Louise Fletcher,1976,1975,7/22/34,One Flew over the Cuckoo's Nest,White,Na,Female,Straight,"Birmingham, Al",https://www.nndb.com/people/798/000063609/
Best Director,Milos Forman,1976,1975,2/18/32,One Flew over the Cuckoo's Nest,White,Na,Male,Straight,"C_slav, Czechoslovakia",http://www.nndb.com/people/622/000023553/
Best Supporting Actor,George Burns,1976,1975,1/20/1896,The Sunshine Boys,White,Jewish,Male,Straight,New York City,http://www.nndb.com/people/895/000022829/
Best Supporting Actress,Lee Grant,1976,1975,10/31/27,Shampoo,White,Jewish,Female,Straight,New York City,http://www.nndb.com/people/409/000032313/
Best Supporting Actress,Lee Grant,1976,1975,10/31/27,Shampoo,White,Jewish,Female,Straight,New York City,http://www.nndb.com/people/409/000032313/
Best Director,John G. Avildsen,1977,1976,12/21/35,Rocky,White,Na,Male,Straight,"Oak Park, Il",http://www.nndb.com/people/679/000032583/
Best Supporting Actor,Jason Robards,1977,1976,7/26/22,All the President's Men,White,Na,Male,Straight,"Chicago, Il",http://www.nndb.com/people/224/000032128/
Best Supporting Actor,Jason Robards,1977,1976,7/26/22,All the President's Men,White,Na,Male,Straight,"Chicago, Il",http://www.nndb.com/people/224/000032128/
Best Supporting Actress,Beatrice Straight,1977,1976,8/2/14,Network,White,Na,Female,Straight,"Old Westbury, Ny",http://www.nndb.com/people/817/000063628/
Best Actor,Peter Finch,1977,1976,9/28/16,Network,White,Na,,Straight,"South Kensington, London, England",http://www.nndb.com/people/745/000063556/
Best Actress,Faye Dunaway,1977,1976,1/14/41,Network,White,Roman Catholic,,Straight,"Bascom, Fl",http://www.nndb.com/people/884/000022818/
Best Actress,Faye Dunaway,1977,1976,1/14/41,Network,White,Roman Catholic,,Straight,"Bascom, Fl",http://www.nndb.com/people/884/000022818/
Best Director,Woody Allen,1978,1977,12/1/35,Annie Hall,White,Jewish,Male,Straight,"Brooklyn, Ny",http://www.nndb.com/people/501/000022435/
Best Supporting Actor,Jason Robards,1978,1977,7/26/22,Julia,White,Na,Male,Straight,"Chicago, Il",http://www.nndb.com/people/224/000032128/
Best Supporting Actress,Vanessa Redgrave,1978,1977,1/30/37,Julia,White,Na,Female,Straight,"London, England",http://www.nndb.com/people/590/000023521/
Best Actor,Richard Dreyfuss,1978,1977,10/29/47,The Goodbye Girl,White,Jewish,,Straight,"Brooklyn, Ny",http://www.nndb.com/people/814/000022748/
Best Actress,Diane Keaton,1978,1977,1/5/46,Annie Hall,White,Atheist,,Straight,"Los Angeles, Ca",http://www.nndb.com/people/879/000022813/
Best Director,Michael Cimino,1979,1978,2/3/39,The Deer Hunter,White,Na,Male,Straight,New York City,http://www.nndb.com/people/810/000043681/
Best Director,Michael Cimino,1979,1978,2/3/39,The Deer Hunter,White,Na,Male,Straight,New York City,http://www.nndb.com/people/810/000043681/
Best Supporting Actor,Christopher Walken,1979,1978,3/31/43,The Deer Hunter,White,Na,Male,Straight,"Astoria, Ny",http://www.nndb.com/people/618/000022552/
Best Supporting Actress,Maggie Smith,1979,1978,12/28/34,California Suite,White,Na,Female,Straight,"Ilford, Essex, England",http://www.nndb.com/people/260/000030170/
Best Actor,Jon Voight,1979,1978,12/29/38,Coming Home,White,Roman Catholic,,Straight,"Yonkers, Ny",http://www.nndb.com/people/060/000023988/
Best Actress,Jane Fonda,1979,1978,12/21/37,Coming Home,White,Born-Again Christian,,Straight,New York City,http://www.nndb.com/people/637/000022571/
Best Director,Robert Benton,1980,1979,9/29/32,Kramer vs. Kramer,White,Na,Male,Straight,"Waxahachie, Tx",http://www.nndb.com/people/267/000064075/
Best Supporting Actor,Melvyn Douglas,1980,1979,4/5/01,Being There,White,Jewish,Male,Straight,"Macon, Ga",http://www.nndb.com/people/100/000063908/
Best Supporting Actress,Meryl Streep,1980,1979,6/22/49,Kramer vs. Kramer,White,Na,Female,Straight,"Summit, Nj",http://www.nndb.com/people/001/000024926/
Best Actor,Dustin Hoffman,1980,1979,8/8/37,Kramer vs. Kramer,White,Jewish,,Straight,"Los Angeles, Ca",http://www.nndb.com/people/882/000022816/
Best Actress,Sally Field,1980,1979,11/6/46,Norma Rae,White,Na,,Straight,"Pasadena, Ca",http://www.nndb.com/people/897/000022831/
Best Director,Robert Redford,1981,1980,,Ordinary People,White,Na,Male,Straight,"Santa Monica, Ca",http://www.nndb.com/people/795/000022729/
Best Supporting Actor,Timothy Hutton,1981,1980,8/16/60,Ordinary People,White,Na,Male,Straight,"Malibu, Ca",https://www.nndb.com/people/378/000024306/
Best Supporting Actress,Mary Steenburgen,1981,1980,2/8/53,Melvin and Howard,White,Na,Female,Straight,"Newport, Ar",http://www.nndb.com/people/271/000025196/
Best Actor,Robert De Niro,1981,1980,8/17/43,Raging Bull,White,Roman Catholic,,Straight,New York City,http://www.nndb.com/people/765/000023696/
Best Actress,Sissy Spacek,1981,1980,12/25/49,Coal Miner's Daughter,White,Na,,Straight,"Quitman, Tx",http://www.nndb.com/people/758/000023689/
Best Director,Warren Beatty,1982,1981,3/30/37,Reds,White,Baptist,Male,Straight,"Richmond, Va",http://www.nndb.com/people/719/000022653/
Best Supporting Actor,John Gielgud,1982,1981,4/14/04,Arthur,White,Na,Male,Gay,"London, England",http://www.nndb.com/people/589/000033490/
Best Supporting Actress,Maureen Stapleton,1982,1981,6/21/25,Reds,White,Roman Catholic,Female,Straight,"Troy, Ny",http://www.nndb.com/people/376/000032280/
Best Actor,Henry Fonda,1982,1981,5/16/05,On Golden Pond,White,Na,,Straight,"Grand Island, Ne",http://www.nndb.com/people/496/000026418/
Best Actress,Katharine Hepburn,1982,1981,5/12/07,On Golden Pond,White,Atheist,,Bisexual,"Hartford, Ct",http://www.nndb.com/people/775/000023706/
Best Director,Richard Attenborough,1983,1982,8/29/23,Gandhi,White,Na,Male,Straight,"Cambridge, England",http://www.nndb.com/people/750/000023681/
Best Supporting Actor,"Louis Gossett, Jr.",1983,1982,5/27/36,An Officer and a Gentleman,Black,Na,Male,Straight,"Brooklyn, Ny",https://www.nndb.com/people/906/000023837/
Best Supporting Actress,Jessica Lange,1983,1982,4/20/49,Tootsie,White,Na,Female,Straight,"Cloquet, Mn",http://www.nndb.com/people/004/000022935/
Best Actor,Ben Kingsley,1983,1982,12/31/43,Gandhi,Multiracial,Quaker,,Straight,"Scarborough, Yorkshire, England",http://www.nndb.com/people/519/000024447/
Best Actress,Meryl Streep,1983,1982,6/22/49,Sophie's Choice,White,Na,,Straight,"Summit, Nj",http://www.nndb.com/people/001/000024926/
Best Director,James L. Brooks,1984,1983,5/9/40,Terms of Endearment,White,Na,Male,Straight,"North Bergen, Nj",http://www.nndb.com/people/209/000024137/
Best Supporting Actor,Jack Nicholson,1984,1983,4/22/37,Terms of Endearment,White,Atheist,Male,Straight,New York City,http://www.nndb.com/people/722/000022656/
Best Supporting Actress,Linda Hunt,1984,1983,4/2/45,The Year of Living Dangerously,White,Na,Female,Na,"Morristown, Nj",http://www.nndb.com/people/671/000024599/
Best Actor,Robert Duvall,1984,1983,1/5/31,Tender Mercies,White,Na,,Straight,"San Diego, Ca",http://www.nndb.com/people/008/000022939/
Best Actress,Shirley MacLaine,1984,1983,4/24/34,Terms of Endearment,White,Baptist,,Straight,"Richmond, Va",http://www.nndb.com/people/799/000023730/
Best Director,Milos Forman,1985,1984,2/18/32,Amadeus,White,Na,Male,Straight,"C_slav, Czechoslovakia",http://www.nndb.com/people/622/000023553/
Best Supporting Actor,Haing S. Ngor,1985,1984,3/22/40,The Killing Fields,Asian,Buddhist,Male,Straight,"Samrong Young, Cambodia",http://www.nndb.com/people/093/000063901/
Best Supporting Actress,Peggy Ashcroft,1985,1984,12/22/07,A Passage to India,White,Agnostic,Female,Straight,"Croydon, Surrey, England",http://www.nndb.com/people/816/000063627/
Best Actor,F. Murray Abraham,1985,1984,10/24/39,Amadeus,Middle Eastern,Na,,Straight,"Pittsburgh, Pa",http://www.nndb.com/people/123/000024051/
Best Actress,Sally Field,1985,1984,11/6/46,Places in the Heart,White,Na,,Straight,"Pasadena, Ca",http://www.nndb.com/people/897/000022831/
Best Director,Sydney Pollack,1986,1985,7/1/34,Out of Africa,White,Jewish,Male,Straight,"Lafayette, In",http://www.nndb.com/people/772/000023703/
Best Supporting Actor,Don Ameche,1986,1985,5/31/04,Cocoon,White,Roman Catholic,Male,Straight,"Kenosha, Wi",http://www.nndb.com/people/736/000024664/
Best Supporting Actress,Anjelica Huston,1986,1985,7/8/51,Prizzi's Honor,White,Na,Female,Straight,"Santa Monica, Ca",http://www.nndb.com/people/128/000025053/
Best Actor,William Hurt,1986,1985,3/20/50,Kiss of the Spider Woman,White,Lutheran,,Straight,"Washington, Dc",http://www.nndb.com/people/683/000023614/
Best Actress,Geraldine Page,1986,1985,11/22/24,The Trip to Bountiful,White,Na,,Straight,"Kirksville, Mo",http://www.nndb.com/people/780/000043651/
Best Director,Oliver Stone,1987,1986,9/15/46,Platoon,White,Atheist,Male,Straight,New York City,http://www.nndb.com/people/545/000022479/
Best Supporting Actor,Michael Caine,1987,1986,3/14/33,Hannah and Her Sisters,White,Na,Male,Straight,"Bermondsey, England",http://www.nndb.com/people/754/000022688/
Best Supporting Actress,Dianne Wiest,1987,1986,3/28/48,Hannah and Her Sisters,White,Na,Female,Straight,"Kansas City, Mo",http://www.nndb.com/people/894/000024822/
Best Actor,Paul Newman,1987,1986,1/26/25,The Color of Money,White,Jewish,,Straight,"Shaker Heights, Oh",http://www.nndb.com/people/804/000022738/
Best Actress,Marlee Matlin,1987,1986,8/24/65,Children of a Lesser God,White,Jewish,,Straight,"Morton Grove, Il",http://www.nndb.com/people/870/000023801/
Best Director,Bernardo Bertolucci,1988,1987,3/16/41,The Last Emperor,White,Na,Male,Straight,"Parma, Emilia-Romagna, Italy",http://www.nndb.com/people/268/000024196/
Best Supporting Actor,Sean Connery,1988,1987,8/25/30,The Untouchables,White,Roman Catholic,Male,Straight,"Edinburgh, Scotland",http://www.nndb.com/people/881/000022815/
Best Supporting Actress,Olympia Dukakis,1988,1987,6/20/31,Moonstruck,White,Na,Female,Straight,"Lowell, Ma",http://www.nndb.com/people/430/000023361/
Best Actor,Michael Douglas,1988,1987,9/25/44,Wall Street,White,Jewish,,Straight,"New Brunswick, Nj",http://www.nndb.com/people/614/000024542/
Best Actress,Cher,1988,1987,5/20/46,Moonstruck,White,Na,,Bisexual,"El Centro, Ca",http://www.nndb.com/people/688/000022622/
Best Director,Barry Levinson,1989,1988,4/6/42,Rain Man,White,Jewish,Male,Straight,"Baltimore, Md",http://www.nndb.com/people/748/000023679/
Best Supporting Actor,Kevin Kline,1989,1988,10/24/47,A Fish Called Wanda,White,Roman Catholic,Male,Straight,"St. Louis, Mo",http://www.nndb.com/people/819/000024747/
Best Supporting Actress,Geena Davis,1989,1988,1/21/56,The Accidental Tourist,White,Congregationalist,Female,Straight,"Wareham, Ma",http://www.nndb.com/people/883/000022817/
Best Actress,Jodie Foster,1989,1988,11/19/62,The Accused,White,Atheist,,Lesbian,"Los Angeles, Ca",http://www.nndb.com/people/756/000023687/
Best Actor,Dustin Hoffman,1989,1988,8/8/37,Rain Man,White,Jewish,Male,Straight,"Los Angeles, Ca",https://www.nndb.com/people/882/000022816/
Best Director,Oliver Stone,1990,1989,9/15/46,Born on the Fourth of July,White,Atheist,Male,Straight,New York City,http://www.nndb.com/people/545/000022479/
Best Supporting Actor,Denzel Washington,1990,1989,12/28/54,Glory,Black,Protestant,Male,Straight,"Mount Vernon, Ny",http://www.nndb.com/people/665/000023596/
Best Supporting Actress,Brenda Fricker,1990,1989,2/17/45,My Left Foot,White,Na,Female,Straight,"Dublin, Ireland",http://www.nndb.com/people/815/000063626/
Best Actress,Jessica Tandy,1990,1989,6/7/09,Driving Miss Daisy,White,Na,,Straight,"London, England",http://www.nndb.com/people/017/000023945/
Best Actor,Daniel Day Lewis,1990,1989,4/29/57,My Left Foot,White,Na,Male,Straight,"London, England",https://www.nndb.com/people/788/000022722/
Best Director,Kevin Costner,1991,1990,1/18/55,Dances With Wolves,White,Baptist,Male,Straight,"Lynwood,Ca",https://www.nndb.com/people/758/000022692/
Best Supporting Actor,Joe Pesci,1991,1990,2/9/43,Good Fellas,White,Na,Male,Straight,"Newark, Nj",http://www.nndb.com/people/582/000022516/
Best Supporting Actress,Whoopi Goldberg,1991,1990,11/13/55,Ghost,Black,Atheist,Female,Straight,New York City,http://www.nndb.com/people/242/000025167/
Best Actor,Jeremy Irons,1991,1990,9/19/48,Reversal of Fortune,White,Na,,Straight,"Cowes, Isle of Wight, England",http://www.nndb.com/people/594/000023525/
Best Actress,Kathy Bates,1991,1990,6/28/48,Misery,White,Na,,Straight,"Memphis, Tn",http://www.nndb.com/people/907/000024835/
Best Director,Jonathan Demme,1992,1991,2/22/44,The Silence of the Lambs,White,Na,Male,Straight,"Baldwin, Ny",http://www.nndb.com/people/578/000024506/
Best Supporting Actor,Jack Palance,1992,1991,2/18/19,City Slickers,White,Na,Male,Straight,"Lattimer Mines, Pa",http://www.nndb.com/people/579/000022513/
Best Supporting Actress,Mercedes Ruehl,1992,1991,2/28/48,The Fisher King,Hispanic,Roman Catholic,Female,Straight,"Queens, Ny",http://www.nndb.com/people/890/000024818/
Best Actress,Jodie Foster,1992,1991,11/19/62,The Silence of the Lambs,White,Atheist,,Lesbian,"Los Angeles, Ca",http://www.nndb.com/people/756/000023687/
Best Actor,Anthony Hopkins,1992,1991,12/31/37,The Silence of the Lambs,White,Na,Male,Straight,"Port Talbot, Wales",https://www.nndb.com/people/005/000023933/
Best Director,Clint Eastwood,1993,1992,5/31/30,Unforgiven,White,Na,Male,Straight,"San Francisco, Ca",http://www.nndb.com/people/849/000022783/
Best Supporting Actor,Gene Hackman,1993,1992,1/30/30,Unforgiven,White,Na,Male,Straight,"San Bernardino, Ca",http://www.nndb.com/people/878/000022812/
Best Supporting Actress,Marisa Tomei,1993,1992,12/4/64,My Cousin Vinny,White,Na,Female,Straight,"Brooklyn, Ny",http://www.nndb.com/people/985/000025910/
Best Actor,Al Pacino,1993,1992,4/25/40,Scent of a Woman,White,Roman Catholic,,Straight,"East Harlem, New York City",http://www.nndb.com/people/880/000022814/
Best Actress,Emma Thompson,1993,1992,4/15/59,Howards End,White,Na,,Straight,"London, England",http://www.nndb.com/people/627/000025552/
Best Director,Steven Spielberg,1994,1993,12/18/46,Schindler's List,White,Jewish,Male,Straight,"Cincinnati, Oh",http://www.nndb.com/people/734/000022668/
Best Supporting Actor,Tommy Lee Jones,1994,1993,9/15/46,The Fugitive,White,Na,Male,Straight,"San Saba, Tx",http://www.nndb.com/people/530/000022464/
Best Supporting Actress,Anna Paquin,1994,1993,7/24/82,The Piano,White,Na,Female,Bisexual,"Winnipeg, Manitoba, Canada",http://www.nndb.com/people/763/000025688/
Best Actor,Tom Hanks,1994,1993,7/9/56,Philadelphia,White,Born-Again Christian,,Straight,"Concord, Ca",http://www.nndb.com/people/687/000022621/
Best Actress,Holly Hunter,1994,1993,3/20/58,The Piano,White,Na,,Straight,"Conyers, Ga",http://www.nndb.com/people/566/000023497/
Best Actor,Tom Hanks,1994,1993,7/9/56,Philadelphia,White,Born-Again Christian,,Straight,"Concord, Ca",http://www.nndb.com/people/687/000022621/
Best Director,Robert Zemeckis,1995,1994,5/14/52,Forrest Gump,White,Roman Catholic,Male,Straight,"Chicago, Il",http://www.nndb.com/people/224/000025149/
Best Supporting Actor,Martin Landau,1995,1994,6/20/31,Ed Wood,White,Jewish,Male,Straight,"Brooklyn, Ny",http://www.nndb.com/people/431/000023362/
Best Supporting Actress,Dianne Wiest,1995,1994,3/28/48,Bullets over Broadway,White,Na,Female,Straight,"Kansas City, Mo",https://www.nndb.com/people/894/000024822/
Best Actor,Tom Hanks,1995,1994,7/9/56,Forrest Gump,White,Born-Again Christian,,Straight,"Concord, Ca",http://www.nndb.com/people/687/000022621/
Best Actress,Jessica Lange,1995,1994,4/20/49,Blue Sky,White,Na,,Straight,"Cloquet, Mn",http://www.nndb.com/people/004/000022935/
Best Director,Mel Gibson,1996,1995,1/3/56,Braveheart,White,Roman Catholic,Male,Straight,"Peekskill, Ny",http://www.nndb.com/people/583/000022517/
Best Supporting Actor,Kevin Spacey,1996,1995,7/26/59,The Usual Suspects,White,Na,Male,Matter of Dispute,"South Orange, Nj",http://www.nndb.com/people/591/000023522/
Best Supporting Actress,Mira Sorvino,1996,1995,9/28/67,Mighty Aphrodite,White,Atheist,Female,Straight,"Tenafly, Nj",http://www.nndb.com/people/890/000025815/
Best Actor,Nicolas Cage,1996,1995,1/7/64,Leaving Las Vegas,White,Roman Catholic,,Straight,"Long Beach, Ca",http://www.nndb.com/people/751/000022685/
Best Actress,Susan Sarandon,1996,1995,10/4/46,Dead Man Walking,White,Roman Catholic,,Straight,"Queens, Ny",http://www.nndb.com/people/762/000024690/
Best Director,Anthony Minghella,1997,1996,1/6/54,The English Patient,White,Na,Male,Straight,"Ryde, Isle of Wight, England",http://www.nndb.com/people/513/000032417/
Best Supporting Actor,"Cuba Gooding, Jr.",1997,1996,1/2/68,Jerry Maguire,Black,Na,Male,Straight,"Bronx, Ny",http://www.nndb.com/people/587/000023518/
Best Supporting Actress,Juliette Binoche,1997,1996,3/9/64,The English Patient,White,Na,Female,Straight,"Paris, France",http://www.nndb.com/people/970/000025895/
Best Actor,Geoffrey Rush,1997,1996,7/6/51,Shine,White,Na,,Straight,"Toowoomba, Queensland, Australia",http://www.nndb.com/people/126/000025051/
Best Actress,Frances McDormand,1997,1996,6/23/57,Fargo,White,Disciples of Christ,,Straight,"Chicago, Il",http://www.nndb.com/people/517/000025442/
Best Director,James Cameron,1998,1997,8/16/54,Titanic,White,Atheist,Male,Straight,"Kapuskasing, Ontario, Canada",http://www.nndb.com/people/385/000025310/
Best Supporting Actor,Robin Williams,1998,1997,7/21/51,Good Will Hunting,White,Anglican/episcopalian,Male,Straight,"Chicago, Il",http://www.nndb.com/people/606/000022540/
Best Supporting Actress,Kim Basinger,1998,1997,12/8/53,L.A. Confidential,White,Na,Female,Straight,"Athens, Ga",http://www.nndb.com/people/310/000025235/
Best Actor,Jack Nicholson,1998,1997,4/22/37,As Good as It Gets,White,Atheist,,Straight,New York City,http://www.nndb.com/people/722/000022656/
Best Actress,Helen Hunt,1998,1997,6/15/63,As Good as It Gets,White,Na,Female,Na,"Culver City, CA",https://www.nndb.com/people/554/000023485/
Best Director,Steven Spielberg,1999,1998,12/18/46,Saving Private Ryan,White,Jewish,Male,Straight,"Cincinnati, Oh",http://www.nndb.com/people/734/000022668/
Best Supporting Actor,James Coburn,1999,1998,8/31/28,Affliction,White,Na,Male,Straight,"Laurel, Ne",http://www.nndb.com/people/764/000022698/
Best Supporting Actor,James Coburn,1999,1998,8/31/28,Affliction,White,Na,Male,Straight,"Laurel, Ne",http://www.nndb.com/people/764/000022698/
Best Supporting Actress,Judi Dench,1999,1998,12/9/34,Shakespeare in Love,White,Quaker,Female,Straight,"York, North Yorkshire, England",http://www.nndb.com/people/824/000023755/
Best Actress,Gwyneth Paltrow,1999,1998,9/27/72,Shakespeare in Love,White,Jewish,,Straight,"Los Angeles, Ca",http://www.nndb.com/people/592/000023523/
Best Actress,Gwyneth Paltrow,1999,1998,9/27/72,Shakespeare in Love,White,Jewish,,Straight,"Los Angeles, Ca",http://www.nndb.com/people/592/000023523/
Best Actor,Roberto Benigni,1999,1998,10/27/52,Life Is Beautiful,White,Na,Male,Straight,"Misericordia, Arezzo, Tuscany, Italy",https://www.nndb.com/people/259/000025184/
Best Director,Sam Mendes,2000,1999,8/1/65,American Beauty,White,Na,Male,Straight,"Reading, Berkshire, England",http://www.nndb.com/people/059/000025981/
Best Supporting Actor,Michael Caine,2000,1999,3/14/33,The Cider House Rules,White,Na,Male,Straight,"Bermondsey, England",http://www.nndb.com/people/754/000022688/
Best Supporting Actress,Angelina Jolie,2000,1999,6/4/75,"Girl, Interrupted",White,Buddhist,Female,Bisexual,"Los Angeles, Ca",http://www.nndb.com/people/493/000023424/
Best Supporting Actress,Angelina Jolie,2000,1999,6/4/75,"Girl, Interrupted",White,Buddhist,Female,Bisexual,"Los Angeles, Ca",http://www.nndb.com/people/493/000023424/
Best Actor,Kevin Spacey,2000,1999,7/26/59,American Beauty,White,Na,,Matter of Dispute,"South Orange, Nj",http://www.nndb.com/people/591/000023522/
Best Actress,Hilary Swank,2000,1999,7/30/74,Boys Don't Cry,White,Na,,Straight,"Lincoln, Ne",http://www.nndb.com/people/333/000026255/
Best Director,Steven Soderbergh,2001,2000,1/14/63,Traffic,White,Atheist,Male,Straight,"Atlanta, Ga",http://www.nndb.com/people/907/000025832/
Best Supporting Actor,Benicio Del Toro,2001,2000,2/19/67,Traffic,Hispanic,Na,Male,Straight,"Santurce, Puerto Rico",http://www.nndb.com/people/087/000026009/
Best Supporting Actress,Marcia Gay Harden,2001,2000,8/14/59,Pollock,White,Na,Female,Straight,"La Jolla, Ca",http://www.nndb.com/people/641/000025566/
Best Supporting Actress,Marcia Gay Harden,2001,2000,8/14/59,Pollock,White,Na,Female,Straight,"La Jolla, Ca",http://www.nndb.com/people/641/000025566/
Best Actor,Russell Crowe,2001,2000,4/7/64,Gladiator,White,Na,,Straight,"Wellington, New Zealand",http://www.nndb.com/people/782/000022716/
Best Actress,Julia Roberts,2001,2000,10/28/67,Erin Brockovich,White,Hindu,,Straight,"Smyrna, Ga",http://www.nndb.com/people/592/000022526/
Best Director,Ron Howard,2002,2001,3/1/54,A Beautiful Mind,White,Na,Male,Straight,"Duncan, Ok",http://www.nndb.com/people/365/000025290/
Best Supporting Actor,Jim Broadbent,2002,2001,5/24/49,Iris,White,Na,Male,Straight,"Lincoln, Lincolnshire, England",http://www.nndb.com/people/092/000063900/
Best Supporting Actress,Jennifer Connelly,2002,2001,12/12/70,A Beautiful Mind,White,Jewish,Female,Straight,"Catskill Mountains, Ny",http://www.nndb.com/people/240/000026162/
Best Actor,Denzel Washington,2002,2001,12/28/54,Training Day,Black,Protestant,,Straight,"Mount Vernon, Ny",http://www.nndb.com/people/665/000023596/
Best Actress,Halle Berry,2002,2001,8/14/66,Monster's Ball,Multiracial,Na,,Straight,"Cleveland, Oh",http://www.nndb.com/people/487/000023418/
Best Director,Roman Polanski,2003,2002,8/18/33,The Pianist,White,See Note,Male,Straight,"Paris, France",http://www.nndb.com/people/541/000023472/
Best Supporting Actor,Chris Cooper,2003,2002,7/9/51,Adaptation,White,Na,Male,Straight,"Kansas City, Mo",http://www.nndb.com/people/130/000025055/
Best Supporting Actress,Catherine Zeta-Jones,2003,2002,9/25/69,Chicago,White,Roman Catholic,Female,Straight,"Mumbles, Wales",http://www.nndb.com/people/516/000023447/
Best Actor,Adrien Brody,2003,2002,4/14/73,The Pianist,White,Jewish,,Straight,New York City,http://www.nndb.com/people/112/000026034/
Best Actress,Nicole Kidman,2003,2002,6/20/67,The Hours,White,Roman Catholic,,Straight,"Honolulu, Hi",http://www.nndb.com/people/917/000022851/
Best Director,Peter Jackson,2004,2003,10/31/61,The Lord of the Rings: The Return of the King,White,Na,Male,Straight,"Wellington, New Zealand",https://www.nndb.com/people/848/000025773/
Best Supporting Actor,Tim Robbins,2004,2003,10/16/58,Mystic River,White,Roman Catholic,Male,Straight,"West Covina, Ca",http://www.nndb.com/people/614/000025539/
Best Supporting Actress,Renée Zellweger,2004,2003,4/25/69,Cold Mountain,White,Na,Female,Straight,"Katy, Tx",https://www.nndb.com/people/708/000024636/
Best Actor,Sean Penn,2004,2003,8/17/60,Mystic River,White,Roman Catholic,,Straight,"Burbank, Ca",http://www.nndb.com/people/331/000025256/
Best Actress,Charlize Theron,2004,2003,8/7/75,Monster,White,Na,,Straight,"Benoni, South Africa",http://www.nndb.com/people/146/000026068/
Best Director,Clint Eastwood,2005,2004,5/31/30,Million Dollar Baby,White,Na,Male,Straight,"San Francisco, Ca",http://www.nndb.com/people/849/000022783/
Best Supporting Actor,Morgan Freeman,2005,2004,6/1/37,Million Dollar Baby,Black,Na,Male,Straight,"Memphis, Tn",http://www.nndb.com/people/982/000023913/
Best Supporting Actress,Cate Blanchett,2005,2004,5/14/69,The Aviator,White,Na,Female,Straight,"Melbourne, Victoria, Australia",http://www.nndb.com/people/222/000026144/
Best Actor,Jamie Foxx,2005,2004,12/13/67,Ray,Black,Baptist,,Straight,"Terrell, Tx",http://www.nndb.com/people/113/000026035/
Best Actress,Hilary Swank,2005,2004,7/30/74,Million Dollar Baby,White,Na,,Straight,"Lincoln, Ne",http://www.nndb.com/people/333/000026255/
Best Actress,Hilary Swank,2005,2004,7/30/74,Million Dollar Baby,White,Na,,Straight,"Lincoln, Ne",http://www.nndb.com/people/333/000026255/
Best Actress,Hilary Swank,2005,2004,7/30/74,Million Dollar Baby,White,Na,,Straight,"Lincoln, Ne",http://www.nndb.com/people/333/000026255/
Best Director,Ang Lee,2006,2005,10/23/54,Brokeback Mountain,Asian,Na,Male,Straight,"Pingtung, Taiwan",http://www.nndb.com/people/394/000025319/
Best Supporting Actor,George Clooney,2006,2005,5/6/61,Syriana,White,Na,Male,Straight,"Lexington, Ky",http://www.nndb.com/people/763/000022697/
Best Supporting Actress,Rachel Weisz,2006,2005,3/7/71,The Constant Gardener,White,Jewish,Female,Straight,"London, England",http://www.nndb.com/people/309/000032213/
Best Supporting Actress,Rachel Weisz,2006,2005,3/7/71,The Constant Gardener,White,Jewish,Female,Straight,"London, England",http://www.nndb.com/people/309/000032213/
Best Actor,Philip Seymour Hoffman,2006,2005,7/23/67,Capote,White,Na,,Straight,"Fairport, Ny",http://www.nndb.com/people/409/000027328/
Best Actress,Reese Witherspoon,2006,2005,3/22/76,Walk the Line,White,Na,,Straight,"New Orleans, La",http://www.nndb.com/people/813/000022747/
Best Director,Martin Scorsese,2007,2006,11/17/42,The Departed,White,Roman Catholic,Male,Straight,"Flushing, Ny",http://www.nndb.com/people/678/000022612/
Best Supporting Actor,Alan Arkin,2007,2006,3/26/34,Little Miss Sunshine,White,Jewish,Male,Straight,"Brooklyn, Ny",http://www.nndb.com/people/777/000022711/
Best Supporting Actress,Jennifer Hudson,2007,2006,9/12/81,Dreamgirls,Black,Baptist,Female,Straight,"Chicago, Il",http://www.nndb.com/people/434/000129047/
Best Actor,Forest Whitaker,2007,2006,7/15/61,The Last King of Scotland,Black,Na,,Straight,"Longview, Tx",http://www.nndb.com/people/833/000025758/
Best Actress,Helen Mirren,2007,2006,7/26/45,The Queen,White,Na,,Straight,"Chiswick, London, England",http://www.nndb.com/people/907/000044775/
Best Director,Joel Coen,2008,2007,11/29/54,No Country for Old Men,White,Jewish,Male,Straight,"St. Louis Park, Mn",https://www.nndb.com/people/399/000025324/
Best Director,Ethan Coen,2008,2007,9/21/57,No Country for Old Men,White,Jewish,Male,Straight,"St. Louis Park, Mn",https://www.nndb.com/people/400/000025325/
Best Supporting Actor,Javier Bardem,2008,2007,3/1/69,No Country for Old Men,Hispanic,Na,Male,Straight,"Las Palmas De Gran Canaria, Canary Islands",http://www.nndb.com/people/733/000109406/
Best Supporting Actress,Tilda Swinton,2008,2007,11/5/60,Michael Clayton,White,Na,Female,Straight,"London, England",http://www.nndb.com/people/178/000108851/
Best Actor,Daniel Day-Lewis,2008,2007,4/29/57,There Will Be Blood,White,Na,,Straight,"London, England",http://www.nndb.com/people/788/000022722/
Best Actress,Marion Cotillard,2008,2007,9/30/75,La Vie en Rose,White,Na,Female,Straight,"Paris, France",https://www.nndb.com/people/723/000136315/
Best Director,Danny Boyle,2009,2008,10/20/56,Slumdog Millionaire,White,Roman Catholic,Male,Straight,"Manchester, England",http://www.nndb.com/people/887/000044755/
Best Director,Danny Boyle,2009,2008,10/20/56,Slumdog Millionaire,White,Roman Catholic,Male,Straight,"Manchester, England",http://www.nndb.com/people/887/000044755/
Best Supporting Actor,Heath Ledger,2009,2008,4/4/79,The Dark Knight,White,Na,Male,Straight,"Perth, Australia",http://www.nndb.com/people/204/000029117/
Best Supporting Actress,Penélope Cruz,2009,2008,4/28/74,Vicky Cristina Barcelona,Hispanic,Buddhist,Female,Straight,"Madrid, Spain",https://www.nndb.com/people/748/000025673/
Best Actor,Sean Penn,2009,2008,8/17/60,Milk,White,Roman Catholic,,Straight,"Burbank, Ca",http://www.nndb.com/people/331/000025256/
Best Actress,Kate Winslet,2009,2008,10/5/75,The Reader,White,Na,,Straight,"Reading, England",http://www.nndb.com/people/582/000023513/
Best Director,Kathryn Bigelow,2010,2009,11/27/51,The Hurt Locker,White,Na,Female,Straight,"San Carlos, Ca",http://www.nndb.com/people/837/000079600/
Best Supporting Actor,Christoph Waltz,2010,2009,10/4/56,Inglourious Basterds,White,Na,Male,Straight,Na,http://www.nndb.com/people/455/000213813/
Best Supporting Actress,Mo'Nique,2010,2009,12/11/67,Precious: Based on the Novel 'Push' by Sapphire,Black,Na,Female,Straight,"Woodlawn, Md",https://www.nndb.com/people/836/000131443/
Best Actor,Jeff Bridges,2010,2009,12/4/49,Crazy Heart,White,Lutheran,,Straight,"Los Angeles, Ca",http://www.nndb.com/people/779/000022713/
Best Actress,Sandra Bullock,2010,2009,7/26/64,The Blind Side,White,Na,,Straight,"Arlington, Va",http://www.nndb.com/people/601/000023532/
Best Director,Tom Hooper,2011,2010,,The King's Speech,White,Na,Male,Na,"London, England",http://www.nndb.com/people/093/000268286/
Best Supporting Actor,Christian Bale,2011,2010,1/30/74,The Fighter,White,Na,Male,Straight,"Haverfordwest, Pembrokeshire, Wales",http://www.nndb.com/people/877/000031784/
Best Supporting Actress,Melissa Leo,2011,2010,9/14/60,The Fighter,White,Na,Female,Straight,New York City,http://www.nndb.com/people/327/000042201/
Best Actor,Colin Firth,2011,2010,9/10/60,The King's Speech,White,Na,,Straight,"Grayshott, Hampshire, England",http://www.nndb.com/people/813/000043684/
Best Actress,Natalie Portman,2011,2010,6/9/81,Black Swan,White,Jewish,,Straight,"Jerusalem, Israel",http://www.nndb.com/people/040/000022971/
Best Director,Michel Hazanavicius,2012,2011,3/29/67,The Artist,White,Jewish,Male,Straight,"Paris, France",http://www.nndb.com/people/302/000281456/
Best Supporting Actor,Christopher Plummer,2012,2011,12/13/29,Beginners,White,Na,Male,Straight,"Toronto, Ontario, Canada",https://www.nndb.com/people/316/000023247/
Best Supporting Actress,Octavia Spencer,2012,2011,5/25/72,The Help,Black,Na,Female,Na,"Montgomery, Al",http://www.nndb.com/people/304/000281458/
Best Actor,Jean Dujardin,2012,2011,6/19/72,The Artist,White,Na,,Straight,"Rueil-Malmaison, Hauts-De-Seine, France",http://www.nndb.com/people/303/000281457/
Best Actress,Meryl Streep,2012,2011,6/22/49,The Iron Lady,White,Na,,Straight,"Summit, Nj",http://www.nndb.com/people/001/000024926/
Best Director,Ang Lee,2013,2012,10/23/54,Life of Pi,Asian,Na,Male,Straight,"Pingtung, Taiwan",http://www.nndb.com/people/394/000025319/
Best Supporting Actor,Christoph Waltz,2013,2012,10/4/56,Django Unchained,White,Na,Male,Straight,Na,http://www.nndb.com/people/455/000213813/
Best Supporting Actress,Anne Hathaway,2013,2012,11/12/82,Les Misérables,White,Christian,Female,Straight,"Brooklyn, Ny",https://www.nndb.com/people/220/000032124/
Best Actor,Daniel Day-Lewis,2013,2012,4/29/57,Lincoln,White,Na,,Straight,"London, England",http://www.nndb.com/people/788/000022722/
Best Actress,Jennifer Lawrence,2013,2012,8/15/90,Silver Linings Playbook,White,Na,,Na,"Louisville, Ky",http://www.nndb.com/people/597/000272778/
Best Director,Alfonso Cuarón,2014,2013,11/28/61,Gravity,Hispanic,Na,Male,Straight,"Mexico City, Mexico",https://www.nndb.com/people/179/000160696/
Best Supporting Actor,Jared Leto,2014,2013,12/26/71,Dallas Buyers Club,White,Na,Male,Straight,"Bossier City, La",http://www.nndb.com/people/438/000026360/
Best Supporting Actress,Lupita Nyong'o,2014,2013,3/1/83,12 Years a Slave,Black,Na,Female,Na,"Mexico City, Mexico",http://www.nndb.com/people/570/000380427/
Best Actor,Matthew McConaughey,2014,2013,11/4/69,Dallas Buyers Club,White,Na,,Straight,"Uvalde, Tx",http://www.nndb.com/people/583/000023514/
Best Actress,Cate Blanchett,2014,2013,5/14/69,Blue Jasmine,White,Na,,Straight,"Melbourne, Victoria, Australia",http://www.nndb.com/people/222/000026144/
Best Director,Alejandro González Iñárritu,2015,2014,8/15/63,Birdman or (The Unexpected Virtue of Ignorance),Hispanic,Na,Male,Straight,"Mexico City, Mexico",https://www.nndb.com/people/940/000366839/
Best Supporting Actor,J.K. Simmons,2015,2014,1/1/55,Whiplash,White,Na,Male,Straight,"Detroit, Mi",https://www.nndb.com/people/185/000026107/
Best Supporting Actress,Patricia Arquette,2015,2014,4/8/68,Boyhood,White,Jewish,Female,Straight,"Chicago, Il",https://www.nndb.com/people/207/000026129/
Best Actor,Eddie Redmayne,2015,2014,1/6/82,The Theory of Everything,White,Na,Male,Straight,"London, England",https://www.nndb.com/people/467/000269657/
Best Actress,Julianne Moore,2015,2014,12/3/60,Still Alice,White,Na,Female,Straight,"Fort Bragg, NC",https://www.nndb.com/people/670/000023601/
Best Director,Alejandro González Iñárritu,2016,2015,8/15/63,The Revenant,Hispanic,Na,Male,Straight,"Mexico City, Mexico",https://www.nndb.com/people/940/000366839/
Best Supporting Actor,Mark Rylance,2016,2015,1/18/60,Bridge of Spies,White,Na,Male,Straight,"Ashford, Kent, England",https://www.nndb.com/people/171/000400965/
Best Supporting Actress,Alicia Vikander,2016,2015,10/3/88,The Danish Girl,White,Na,Female,Straight,"Gothenburg, Sweden",https://www.nndb.com/people/836/000131443/
Best Actor,Leonardo DiCaprio,2016,2015,11/11/74,The Revenant,White,Na,Male,Straight,"Hollywood, Ca",https://www.nndb.com/people/581/000023512/
Best Actress,Brie Larson,2016,2015,10/1/89,Room,White,Na,Female,Na,"Sacramento, Ca",https://www.nndb.com/people/625/000162139/
Best Director,Damien Chazelle,2017,2016,1/19/85,La La Land,White,Na,Male,Na,"Providence, Ri",https://www.nndb.com/people/096/000402884/
Best Supporting Actor,Mahershala Ali,2017,2016,2/16/74,Moonlight,Black,Muslim,Male,Na,"Oakland, Ca",https://www.nndb.com/people/589/000395401/
Best Supporting Actress,Viola Davis,2017,2016,8/11/65,Fences,Black,Na,Female,Straight,"Saint Matthews, Sc",https://www.nndb.com/people/138/000131742/
Best Actress,Emma Stone,2017,2016,11/6/88,La La Land,White,Na,Female,Na,"Scottsdale, Az",https://www.nndb.com/people/665/000268858/
Best Actor,Casey Affleck,2017,2016,8/12/75,Manchester by the Sea,White,Na,Male,Straight,"Falmouth, MA",https://www.nndb.com/people/339/000026261/
Best Director,Guillermo del Toro,2018,2017,10/9/64,The Shape of Water,Hispanic,Na,Male,Straight,"Guadalajara, Jalisco, Mexico",https://www.nndb.com/people/569/000044437/
Best Supporting Actor,Sam Rockwell,2018,2017,11/5/68,"Three Billboards outside Ebbing, Missouri",White,Na,Male,Na,"Daly City, Ca",https://www.nndb.com/people/926/000108602/
Best Supporting Actress,Allison Janney,2018,2017,11/19/59,"I, Tonya",White,Na,Female,Straight,"Dayton, Oh",https://www.nndb.com/people/258/000082012/
Best Actress,Frances McDormand,2018,2017,6/23/57,"Three Billboards outside Ebbing, Missouri",White,Na,Female,Straight,"Chicago, Il",https://www.nndb.com/people/517/000025442/
Best Actor,Gary Oldman,2018,2017,3/21/58,Darkest Hour,White,Na,Male,Straight,"New Cross, South London, England",https://www.nndb.com/people/550/000022484/
Best Director,Alfonso Cuarón,2019,2018,11/28/61,Roma,Hispanic,Na,Male,Straight,"Mexico City, Mexico",https://www.nndb.com/people/179/000160696/
Best Supporting Actor,Mahershala Ali,2019,2018,2/16/74,Green Book,Black,Muslim,Male,Na,"Oakland, Ca",https://www.nndb.com/people/589/000395401/
Best Supporting Actress,Regina King,2019,2018,1/15/71,If Beale Street Could Talk,Black,Na,Female,Straight,"Los Angeles, Ca",https://www.nndb.com/people/894/000108570/
Best Actress,Olivia Colman,2019,2018,1/30/74,The Favourite,White,Na,Female,Straight,"Norfolk, England",https://www.nndb.com/people/884/000353822/
Best Actor,Rami Malek,2019,2018,5/12/81,Bohemian Rhapsody,Middle Eastern,Na,Male,Na,"Los Angeles, Ca",https://www.nndb.com/people/575/000350522/
Best Director,Bong Joon Ho,2020,2019,9/14/69,Parasite,Asian,Na,Male,Na,"Daegu, South Korea",Na
Best Supporting Actor,Brad Pitt,2020,2019,12/18/63,Once upon a Time...in Hollywood,White,Agnostic,Male,Straight,"Shawnee, Ok",https://www.nndb.com/people/688/000025613/
Best Supporting Actress,Laura Dern,2020,2019,2/10/67,Marriage Story,White,Na,Female,Straight,"Los Angeles, Ca",https://www.nndb.com/people/564/000023495/
Best Actress,Renée Zellweger,2020,2019,4/25/69,Judy,White,Na,Female,Straight,"Katy, Tx",https://www.nndb.com/people/708/000024636/
Best Actor,Joaquin Phoenix,2020,2019,10/28/74,Joker,White,Na,Male,Straight,"San Juan, Puerto Rico",https://www.nndb.com/people/898/000025823/